{"class_labels": [[[-0.9987148642539978, 1.0013169050216675, -0.9989461302757263, -1.000316858291626], [1.0078027248382568, -1.0056484937667847, -1.0010266304016113, -1.003676176071167], [1.0011723041534424, -0.9999434947967529, -1.0002566576004028, -0.9993398785591125], [-0.9969173073768616, -0.9999674558639526, 0.9979386925697327, -0.999996542930603], [-1.0015720129013062, -1.0000075101852417, -1.0015077590942383, 1.0024347305297852], [-0.9996082186698914, -0.999915599822998, -1.000359296798706, 1.000517725944519], [-0.9974489808082581, -0.9989046454429626, 0.998271107673645, -0.9999480247497559], [-0.9995060563087463, -1.0009509325027466, -0.9975112080574036, 0.9980790615081787]]], "objectness": [[[-0.998909592628479], [0.0], [-1.001593828201294], [0.0], [-0.9991393685340881], [0.0], [-0.9952058792114258], [0.0], [-1.0003597736358643], [0.0], [-1.0004470348358154], [0.0], [-0.9982733130455017], [0.0], [-0.9996773600578308], [0.0]]], "translations": [[[198.08328247070312, 0.02876712568104267, 37.15092086791992], [-0.003098702058196068, 0.007771133445203304, 0.0008200219599530101], [399.94427490234375, 0.01229716744273901, 1.061544418334961], [103.53754425048828, -1.756745457649231, 37.13295364379883], [74.66118621826172, 28.093637466430664, 58.47602462768555], [295.79315185546875, 29.28834342956543, 58.001976013183594], [287.4974365234375, -1.797960638999939, 37.01103591918945], [300.84295654296875, 29.9207763671875, 57.957149505615234]]], "sizes": [[[2.831681251525879, 0.5259421467781067, 1.3098654747009277], [1.009357213973999, 1.011733055114746, 1.0115646123886108], [0.7766266465187073, 0.5205479860305786, 2.2664661407470703], [1.1882630586624146, -1.1648181676864624, -0.17544107139110565], [1.114607334136963, 2.552800178527832, 1.9566895961761475], [2.154714345932007, 1.098286747932434, 0.8400698900222778], [2.140840768814087, -0.9623288512229919, 2.345754384994507], [0.4993467330932617, 0.20143452286720276, 1.8987754583358765]]], "angles": [[[-0.19252972304821014, -1.3606771230697632, 0.8853321075439453], [-0.0041162073612213135, -0.010783999226987362, -0.017581650987267494], [-0.06792184710502625, -0.832524836063385, -0.01934812031686306], [-1.0448243618011475, -1.0339175462722778, 1.2407103776931763], [1.2126564979553223, 0.639929473400116, 1.2967842817306519], [0.8339332342147827, 0.00848301313817501, -0.553359866142273], [-1.3823119401931763, 0.09949272871017456, -0.4796064794063568], [-1.4666335582733154, -0.2297893464565277, -1.5251520872116089]]], "objfeats": [[[-0.09420394897460938, 0.6798951029777527, -1.0693204402923584, 1.8568629026412964, -0.2629716396331787, -0.37676510214805603, -0.5554898977279663, 0.5824111104011536, -0.28265199065208435, -0.4757498502731323, 0.9066346287727356, 0.11487103998661041, 1.8086189031600952, -0.7067856788635254, 0.6338260769844055, 0.3234724700450897, 0.24005219340324402, -1.4825010299682617, 0.1293545514345169, -0.9650960564613342, -0.894336998462677, 0.9522304534912109, -1.819618821144104, -0.16515257954597473, 1.3306018114089966, 0.3615078330039978, 0.3003919720649719, -0.6923770904541016, 0.8949655294418335, -1.9763191938400269, 0.8504491448402405, 0.5709112286567688], [1.0492970943450928, -2.56502103805542, -0.5385014414787292, 0.9623981714248657, -0.4458032250404358, -0.7136214971542358, -0.16870056092739105, -0.006711927242577076, 3.4136312007904053, -0.2155972272157669, 1.1073371171951294, -0.2734079957008362, -0.1030476912856102, -0.7081947922706604, -1.1485353708267212, -1.486100196838379, 0.6098379492759705, 0.5523532032966614, -0.21117854118347168, -0.23868781328201294, -0.4026760160923004, -0.2236158549785614, 0.055958688259124756, 0.4918293356895447, 0.07026492804288864, 0.3528938591480255, 0.8110669255256653, -0.9706932306289673, 0.4405544102191925, 1.007786750793457, 0.09326165914535522, -0.9760186076164246], [1.0650078058242798, -2.5921764373779297, -0.5305386185646057, 0.9625736474990845, -0.4551718831062317, -0.7238633632659912, -0.16535387933254242, -0.004102285485714674, 3.444241523742676, -0.22219637036323547, 1.1147218942642212, -0.26101478934288025, -0.10946500301361084, -0.7143268585205078, -1.155456304550171, -1.494027853012085, 0.6170574426651001, 0.5681044459342957, -0.20066945254802704, -0.2458302527666092, -0.39878740906715393, -0.21706566214561462, 0.06308457255363464, 0.4992367625236511, 0.07159645110368729, 0.36645960807800293, 0.8183931708335876, -0.971930205821991, 0.45124638080596924, 1.0212684869766235, 0.09215272963047028, -0.9924452304840088], [-0.4540346562862396, 0.6629023551940918, 0.8848456144332886, 0.9149919152259827, -1.315218448638916, -0.015338837169110775, -0.9359764456748962, 0.17041949927806854, -1.1777087450027466, -1.2568503618240356, -0.11518282443284988, -0.9022378921508789, 0.013028097338974476, -1.0115549564361572, 0.6654136776924133, 0.5944211483001709, -0.19764548540115356, -0.06128842011094093, -1.077264666557312, 0.048472147434949875, -1.1006999015808105, -0.12288272380828857, -1.6215065717697144, -1.0847190618515015, 0.212846040725708, -1.047554850578308, 0.04756934940814972, 0.6291442513465881, -0.5579549670219421, -1.410532832145691, -0.34339281916618347, 0.22368884086608887], [-0.4955601692199707, 1.3438847064971924, 1.8111740350723267, -0.10058379173278809, -0.893380343914032, -0.4318493902683258, -1.2557801008224487, -1.0327091217041016, 0.4012060761451721, -1.1827564239501953, -2.0928003787994385, -0.3584665358066559, 1.9130443334579468, -1.1921674013137817, 0.9529088139533997, 0.8573650121688843, 0.7174242734909058, -0.22921918332576752, 0.5685296654701233, 0.051623303443193436, -2.176058769226074, 0.40587207674980164, -1.759200930595398, 0.3314918577671051, 0.2156657576560974, -0.5957693457603455, -0.6179428100585938, -0.04035245627164841, 0.2971011698246002, 0.24054570496082306, 0.4949055314064026, 0.23064996302127838], [-0.22105878591537476, 0.5742619633674622, 0.7560431361198425, -0.6812344789505005, 0.297200471162796, 0.20180316269397736, 0.3786912262439728, -0.7600781917572021, -1.4832966327667236, -0.4103133976459503, -0.6789456009864807, -0.819452702999115, 1.4416882991790771, -1.6617447137832642, 0.6872398853302002, -1.5169868469238281, 1.5775741338729858, -0.9902478456497192, 0.8425450921058655, 0.6664270162582397, -0.19854655861854553, 0.3608601987361908, -1.582667589187622, 1.276823878288269, -0.5228722095489502, 1.022889494895935, 1.5898667573928833, -1.7811713218688965, -0.3553025424480438, 0.1979169100522995, -1.6596612930297852, -0.859671950340271], [-0.45446935296058655, 0.6614118218421936, 0.8746049404144287, 0.8994008302688599, -1.3140771389007568, -0.0201901625841856, -0.9296306371688843, 0.1620965152978897, -1.1525081396102905, -1.2531057596206665, -0.12348176538944244, -0.9124310612678528, 0.006459792144596577, -1.0019210577011108, 0.681668221950531, 0.5926034450531006, -0.1978743076324463, -0.06109175086021423, -1.0856496095657349, 0.04359862208366394, -1.102360486984253, -0.12323939055204391, -1.6172850131988525, -1.0977022647857666, 0.21836508810520172, -1.0437339544296265, 0.032180555164813995, 0.6162105798721313, -0.5504192113876343, -1.4001801013946533, -0.33066898584365845, 0.2341364026069641], [-0.9290913343429565, 1.4232282638549805, 1.8252896070480347, 0.10102253407239914, -0.2181791514158249, 0.3066766858100891, -0.6819230318069458, -0.8836058378219604, -0.469294011592865, -1.1028014421463013, -1.567928671836853, 0.6758223176002502, -0.9609354138374329, -1.511729121208191, 0.6368422508239746, -0.06655815988779068, 0.2288903146982193, 1.2042831182479858, -0.501157820224762, 0.11702458560466766, -1.6906746625900269, -0.30192115902900696, -1.9842993021011353, -0.25527122616767883, 0.1973092257976532, -0.4459579586982727, 0.02520179934799671, -0.5627158880233765, 0.28484079241752625, 0.10847346484661102, 0.6559240818023682, 0.9076687693595886]]], "keys": [["SM_RackShelf_01", "SM_RackFrame_03", "SM_RackFrame_03", "SM_PaletteA_01", "SM_CardBoxC_02", "SM_CardBoxA_02", "SM_PaletteA_01", "SM_CardBoxC_01"]]}