{"class_labels": [[[-1.000147819519043, -1.000356912612915, 1.0022825002670288, -1.0002164840698242], [-0.9994580149650574, -0.9984527230262756, -0.9998977184295654, 0.999127984046936], [-1.0009417533874512, -0.9991466403007507, -1.0010581016540527, 1.0030155181884766], [0.9982604384422302, -1.0041093826293945, -0.9980485439300537, -0.9967287182807922], [-0.9985398650169373, 0.9999402761459351, -0.9967807531356812, -1.0010968446731567], [-0.9985305070877075, -1.001615047454834, 0.9984732866287231, -1.001233696937561]]], "objectness": [[[-1.0018893480300903], [0.0], [-1.0000104904174805], [0.0], [-0.9997726678848267], [0.0], [-0.9990173578262329], [0.0], [-0.9993533492088318], [0.0], [-1.00010085105896], [0.0]]], "translations": [[[103.5927505493164, -1.7292143106460571, 36.72956466674805], [278.06402587890625, 26.791948318481445, 57.78563690185547], [71.3679428100586, 25.50303840637207, 57.8664436340332], [399.3320007324219, 0.009672698564827442, -0.1801309585571289], [201.19996643066406, 0.0599919818341732, 36.49805450439453], [291.7568054199219, -1.7021232843399048, 36.56861877441406]]], "sizes": [[[0.756916344165802, -0.6685227751731873, 1.171264410018921], [1.9860873222351074, 1.305710792541504, 1.6876133680343628], [0.6140837669372559, 0.44044357538223267, 1.406355381011963], [-0.8237894773483276, -0.030770104378461838, 3.300626516342163], [1.9576383829116821, 0.7005308270454407, 1.1250892877578735], [1.6865861415863037, 1.6493850946426392, 2.13651442527771]]], "angles": [[[-1.5360779762268066, 0.5074129104614258, -0.42203080654144287], [-1.5489120483398438, -0.8567895889282227, 1.1644401550292969], [-0.9587629437446594, -0.6314190030097961, 1.180629014968872], [-0.30127567052841187, 1.2829868793487549, -0.31771308183670044], [1.6041722297668457, -0.6946501731872559, -0.896101713180542], [0.4339757561683655, 0.19520054757595062, 0.5883492827415466]]], "objfeats": [[[-0.4589674770832062, 0.6727666854858398, 0.8762009739875793, 0.9127078652381897, -1.3139166831970215, -0.016782844439148903, -0.9317947626113892, 0.1616372913122177, -1.1665323972702026, -1.2665343284606934, -0.11609593778848648, -0.9016147255897522, 0.019336877390742302, -0.9992468357086182, 0.6697190403938293, 0.5971845984458923, -0.20245322585105896, -0.05590135604143143, -1.0830577611923218, 0.050653114914894104, -1.100795030593872, -0.12023235857486725, -1.6189831495285034, -1.0883147716522217, 0.21926027536392212, -1.0421099662780762, 0.048177581280469894, 0.6380417943000793, -0.5687580108642578, -1.4092926979064941, -0.34147945046424866, 0.23591037094593048], [-0.8337947130203247, 0.9745674133300781, 0.6540923118591309, 0.2321632355451584, -1.1574374437332153, 0.3300513029098511, -0.13479939103126526, 0.7096249461174011, 1.1944009065628052, -0.798565685749054, -1.102176308631897, 0.8249536156654358, 0.2682243287563324, -1.6929023265838623, 1.310514211654663, -0.02488277293741703, 1.097008228302002, 0.4107203185558319, 2.4111392498016357, -0.08185537904500961, -1.0826658010482788, -0.4870849549770355, -2.342405080795288, 0.5879306793212891, 1.5904641151428223, -0.001586736412718892, -1.1344424486160278, 0.6040540933609009, 0.6314660310745239, -0.36107203364372253, 1.64073646068573, 0.7730177044868469], [-0.4960708022117615, 1.3478080034255981, 1.8002835512161255, -0.09029607474803925, -0.8953317403793335, -0.43883559107780457, -1.2716641426086426, -1.013454794883728, 0.3933948874473572, -1.195063591003418, -2.0971012115478516, -0.3725340962409973, 1.9103018045425415, -1.1692672967910767, 0.97101229429245, 0.8520699143409729, 0.7065531015396118, -0.20806002616882324, 0.5964244604110718, 0.06949499994516373, -2.177239418029785, 0.4169433116912842, -1.7706722021102905, 0.32063063979148865, 0.22029435634613037, -0.5728548765182495, -0.6177204847335815, -0.032575298100709915, 0.2942979037761688, 0.26111164689064026, 0.5147823095321655, 0.2286664992570877], [1.0450671911239624, -2.5672507286071777, -0.5396791100502014, 0.9539151787757874, -0.44486111402511597, -0.7204269766807556, -0.16976356506347656, -0.003564245533198118, 3.4134044647216797, -0.21982352435588837, 1.1082285642623901, -0.2646743357181549, -0.09369883686304092, -0.7016491889953613, -1.14970862865448, -1.486909031867981, 0.6197881698608398, 0.5470678210258484, -0.20818907022476196, -0.23937055468559265, -0.40272456407546997, -0.22587358951568604, 0.05794951319694519, 0.49399420619010925, 0.06727588176727295, 0.36303016543388367, 0.8105839490890503, -0.9655478596687317, 0.43813106417655945, 1.022781252861023, 0.09421341121196747, -0.9877756237983704], [-0.0991058498620987, 0.6709528565406799, -1.069532036781311, 1.8493666648864746, -0.2740039527416229, -0.3675605058670044, -0.5490400195121765, 0.5806540846824646, -0.28073686361312866, -0.48033881187438965, 0.8810239434242249, 0.11810328811407089, 1.8069249391555786, -0.720586895942688, 0.630279541015625, 0.32890984416007996, 0.22879959642887115, -1.4856288433074951, 0.12512068450450897, -0.9656376838684082, -0.8936071991920471, 0.9617283344268799, -1.8134105205535889, -0.1609281301498413, 1.3328590393066406, 0.36651599407196045, 0.28995105624198914, -0.6770591139793396, 0.8813951015472412, -1.9740434885025024, 0.8518716096878052, 0.5654907822608948], [-0.45704030990600586, 0.6676686406135559, 0.8620509505271912, 0.9148706793785095, -1.3132829666137695, -0.013828784227371216, -0.9395246505737305, 0.17462342977523804, -1.167174220085144, -1.267800211906433, -0.11840386688709259, -0.9131509065628052, 0.005540244281291962, -1.0140395164489746, 0.6781277656555176, 0.5912958979606628, -0.21064187586307526, -0.057931963354349136, -1.078893780708313, 0.03460727632045746, -1.0994707345962524, -0.1290809065103531, -1.6179949045181274, -1.0821127891540527, 0.21331006288528442, -1.0440142154693604, 0.046736638993024826, 0.6204034686088562, -0.5586634278297424, -1.405645489692688, -0.3435116708278656, 0.23280757665634155]]], "keys": [["SM_PaletteA_01", "SM_CardBoxD_02", "SM_CardBoxC_02", "SM_RackFrame_03", "SM_RackShelf_01", "SM_PaletteA_01"]]}