{"class_labels": [[[-1.0004336833953857, -0.9984443187713623, -1.0010920763015747, 1.0049055814743042], [-1.001590609550476, -0.9984991550445557, -0.9978722333908081, 1.0021264553070068], [-0.9989306330680847, 0.9993003606796265, -0.9998664855957031, -0.9973054528236389], [-0.9961344003677368, -1.0022554397583008, 1.0000998973846436, -0.997681736946106], [1.0025568008422852, -1.0012491941452026, -1.0014508962631226, -1.003113865852356], [-1.0001941919326782, -0.9968963861465454, -1.0018887519836426, 0.999500572681427], [-0.9965452551841736, -0.9985144138336182, 0.9974097609519958, -0.999439001083374]]], "objectness": [[[-1.0017799139022827], [0.0], [-1.0002317428588867], [0.0], [-0.998530924320221], [0.0], [-0.9977059960365295], [0.0], [-1.000077486038208], [0.0], [-0.9970300793647766], [0.0], [-0.9983224272727966], [0.0]]], "translations": [[[272.70599365234375, 27.454471588134766, 58.56211471557617], [318.5250549316406, -31.601863861083984, 58.2681999206543], [200.05784606933594, 0.07751842588186264, 37.39936447143555], [105.4280014038086, -1.6894797086715698, 37.31011962890625], [401.5993347167969, -0.005065985955297947, 0.28128719329833984], [72.05931091308594, 25.975971221923828, 58.11143112182617], [285.529052734375, -1.6851402521133423, 37.30459976196289]]], "sizes": [[[0.26063790917396545, -1.2295482158660889, 1.4055540561676025], [2.475820302963257, 1.6886881589889526, 1.1491307020187378], [0.6759014129638672, -0.21633374691009521, 0.6930277347564697], [1.03424870967865, 0.19195644557476044, 1.733473539352417], [0.8975324034690857, 0.968758225440979, 0.815700352191925], [1.6507073640823364, 0.5466523170471191, 0.9816110730171204], [0.4188195466995239, 1.338709831237793, 1.526625156402588]]], "angles": [[[-0.17679090797901154, 1.6219075918197632, 0.10215446352958679], [0.4806284010410309, 0.9122463464736938, -0.13351166248321533], [1.2602007389068604, 0.8345292806625366, 0.10622485727071762], [-0.12295641750097275, -0.6566241979598999, -0.875623345375061], [-0.5163409113883972, -1.2548283338546753, -1.7071868181228638], [1.7582186460494995, 3.9330873489379883, 1.9176344871520996], [-0.7228862643241882, 0.9205663800239563, 0.36375030875205994]]], "objfeats": [[[-0.5016772747039795, 1.3383369445800781, 1.7977681159973145, -0.09662584960460663, -0.887395441532135, -0.4475306570529938, -1.2503145933151245, -1.0189346075057983, 0.40109288692474365, -1.1906503438949585, -2.0926480293273926, -0.3549514710903168, 1.8962868452072144, -1.1727352142333984, 0.9559667706489563, 0.8605418801307678, 0.7001515030860901, -0.22619478404521942, 0.5581803917884827, 0.06168445944786072, -2.1505696773529053, 0.41993382573127747, -1.7474647760391235, 0.31734466552734375, 0.21468697488307953, -0.5787556171417236, -0.6235811114311218, -0.03528552129864693, 0.2921680510044098, 0.25192561745643616, 0.5013522505760193, 0.2303677201271057], [-0.49746647477149963, 1.3569645881652832, 1.8055204153060913, -0.10830705612897873, -0.9034090042114258, -0.44483911991119385, -1.2560992240905762, -1.0246771574020386, 0.41284504532814026, -1.2028599977493286, -2.099824905395508, -0.347732812166214, 1.9181318283081055, -1.1804029941558838, 0.9437872767448425, 0.8707754611968994, 0.7095454335212708, -0.22476330399513245, 0.5648090839385986, 0.04647998884320259, -2.1689867973327637, 0.42650407552719116, -1.7629178762435913, 0.31324270367622375, 0.2271106243133545, -0.577347457408905, -0.6176435947418213, -0.035962436348199844, 0.28844553232192993, 0.24374307692050934, 0.4917074143886566, 0.22180911898612976], [-0.09572399407625198, 0.6668916344642639, -1.067777156829834, 1.8434652090072632, -0.2678880989551544, -0.36699163913726807, -0.5570972561836243, 0.583469033241272, -0.2934853732585907, -0.48266345262527466, 0.8869120478630066, 0.10612774640321732, 1.7995163202285767, -0.7093816995620728, 0.6233750581741333, 0.32017451524734497, 0.2323155254125595, -1.472386121749878, 0.12052352726459503, -0.9629863500595093, -0.9023120403289795, 0.9356889128684998, -1.824465036392212, -0.16264204680919647, 1.3263452053070068, 0.3599320948123932, 0.294116348028183, -0.6828242540359497, 0.8914631009101868, -1.9640763998031616, 0.8484182357788086, 0.5627757906913757], [-0.44882911443710327, 0.666865885257721, 0.8785462379455566, 0.9165736436843872, -1.3143996000289917, -0.018959499895572662, -0.9358729124069214, 0.17036516964435577, -1.1807385683059692, -1.2677745819091797, -0.11901778727769852, -0.9039124250411987, 0.01382492482662201, -1.0065851211547852, 0.6865848302841187, 0.597862184047699, -0.2076171636581421, -0.05103692039847374, -1.0795483589172363, 0.04222738370299339, -1.1030575037002563, -0.1187790036201477, -1.619468331336975, -1.0895789861679077, 0.2150816023349762, -1.0454152822494507, 0.0541195347905159, 0.6249765157699585, -0.5576857328414917, -1.4151135683059692, -0.34108978509902954, 0.231680229306221], [1.0560311079025269, -2.560718297958374, -0.5377058982849121, 0.9744945168495178, -0.4446133077144623, -0.7251363396644592, -0.16389428079128265, -0.006519702263176441, 3.419790506362915, -0.2168220728635788, 1.094079852104187, -0.2677054703235626, -0.10491786152124405, -0.6997432708740234, -1.1581902503967285, -1.4929726123809814, 0.6068063974380493, 0.5603570342063904, -0.21306392550468445, -0.24287495017051697, -0.40178877115249634, -0.22548365592956543, 0.052751436829566956, 0.49311771988868713, 0.07151684910058975, 0.3547227382659912, 0.8128312826156616, -0.9703012704849243, 0.44758665561676025, 1.0109624862670898, 0.09491398930549622, -0.9888194799423218], [-0.5024779438972473, 1.3424201011657715, 1.8015329837799072, -0.08658929914236069, -0.8965880870819092, -0.4447043240070343, -1.2584044933319092, -1.005222201347351, 0.4128897190093994, -1.1878480911254883, -2.092301845550537, -0.34075844287872314, 1.9086380004882812, -1.1688226461410522, 0.9628292918205261, 0.8567714691162109, 0.7036891579627991, -0.2182324230670929, 0.5927647352218628, 0.06990799307823181, -2.1695990562438965, 0.40439850091934204, -1.7724336385726929, 0.3123686611652374, 0.2237795740365982, -0.5739415287971497, -0.6304742693901062, -0.01761801168322563, 0.29343485832214355, 0.2611156105995178, 0.49833911657333374, 0.243558868765831], [-0.4517541527748108, 0.6632319092750549, 0.876916229724884, 0.9180917143821716, -1.3159533739089966, -0.024775881320238113, -0.9237362742424011, 0.16097356379032135, -1.1657105684280396, -1.260711431503296, -0.12381301820278168, -0.9012463092803955, 0.007196788210421801, -1.003703236579895, 0.6814644932746887, 0.5981932878494263, -0.20989960432052612, -0.04641298949718475, -1.075390100479126, 0.0519368015229702, -1.0933161973953247, -0.11710426956415176, -1.6089268922805786, -1.0894237756729126, 0.21024003624916077, -1.046818733215332, 0.05090578645467758, 0.6258046627044678, -0.5598068833351135, -1.4133707284927368, -0.34000250697135925, 0.2337368130683899]]], "keys": [["SM_CardBoxC_02", "SM_CardBoxC_02", "SM_RackShelf_01", "SM_PaletteA_01", "SM_RackFrame_03", "SM_CardBoxC_02", "SM_PaletteA_01"]]}